{
    "T1": [
        [
            6.44068411809231,
            8.619623781600195,
            -0.0069849947841411015
        ],
        [
            6.4406829076380765,
            8.619380623352752,
            -0.006915800781439256
        ],
        [
            6.44086773292715,
            8.619448633617193,
            -0.006990251077363707
        ]
    ],
    "T2": [
        [
            -2.7127706972939465,
            -2.300024235239739,
            0.3599775769723361
        ],
        [
            -2.712838350828938,
            -2.3001070015415537,
            0.3599303564431839
        ],
        [
            -2.7128745363947244,
            -2.300079586883585,
            0.36001244415016487
        ]
    ],
    "T3": [
        [
            12.437650765163973,
            -9.346132706560635,
            -0.2616864768667997
        ],
        [
            12.437606038295872,
            -9.346247838693012,
            -0.2616731178953276
        ],
        [
            12.437488486549022,
            -9.346478921012013,
            -0.26184428908473933
        ]
    ],
    "T4": [
        [
            -2.520104706439468,
            -3.1411436965658313,
            7.170040837962896
        ],
        [
            -2.520081576714457,
            -3.1411760778255715,
            7.16996433608546
        ],
        [
            -2.520237248787059,
            -3.14129116602509,
            7.170074554884207
        ]
    ]
}