{
    "T1": [
        [
            -0.06978583313886796,
            5.308430100264802,
            0.05709823968984085
        ],
        [
            -0.0697043199853378,
            5.308534762924975,
            0.05719814604392561
        ],
        [
            -0.06963690200547165,
            5.308710179059837,
            0.05708073762038153
        ]
    ],
    "T2": [
        [
            0.7879715779555045,
            19.531398754889757,
            0.42769992867830103
        ],
        [
            0.7879339418889996,
            19.531333749844904,
            0.4278218632553827
        ],
        [
            0.7879539434194522,
            19.531343731511537,
            0.42777230918067666
        ]
    ],
    "T3": [
        [
            -15.5810018153796,
            16.17779488150431,
            -0.19531224078372508
        ],
        [
            -15.581184179896386,
            16.177756291710196,
            -0.19529654214794792
        ]
    ],
    "T4": [
        [
            0.13218204618976667,
            20.093146412031775,
            7.238577146689061
        ],
        [
            0.132099246068333,
            20.093265679034317,
            7.23867705157647
        ],
        [
            0.1321033963174283,
            20.093030157519525,
            7.238475154541379
        ]
    ]
}