{
    "T1": [
        -0.06962548864374729,
        5.309063242030341,
        0.057207846532725946
    ],
    "T2": [
        0.7879637972275176,
        19.531256811524877,
        0.42773787111740125
    ],
    "T3": [
        -15.580957907106686,
        16.17761915650459
    ],
    "T4": [
        0.13210400173429737,
        20.093367993816585,
        7.238665691820929
    ]
}